feature,importance_mean,importance_std
warehouse_backlog_index,0.0709680954072783,0.014751238907414305
is_holiday_period,0.042635777152381774,0.008888404792813442
carrier_ontime_30d,0.015439992536582653,0.0036518500689307304
warehouse_id,0.005916698337139051,0.0022726456635702454
promised_lead_days,0.0057525249712868515,0.003066738911015216
destination_zone,0.004442352488147186,0.0037429133688851317
carrier_id,0.0014108636468912195,0.0015949139596011903
weather_severity,0.0007546293730401332,0.004457724389283229
is_fragile,0.0007473032954548459,0.0006034344077331183
is_weekend_order,-3.631198237867561e-05,0.00019545058364905206
payment_type,-8.249520373415642e-05,0.0003638224423880822
item_count,-0.00034480032259072424,0.0007582949368110845
is_premium_customer,-0.0008485320276087477,0.0005944193472795876
order_hour,-0.0024571019978062852,0.0032669288190042356
order_value,-0.0047177604506822984,0.0066820156952776604
volume_dm3,-0.008109003463981232,0.004197012102230982
weight_kg,-0.010533139709013761,0.005359006426677209
available_capacity_ratio,-0.01548353695250096,0.0007105722563481633
