order_id,order_created_at,predicted_late_risk,impact_weight,priority_score,priority_rank,decision_tier,is_late
SYN-O007711,2025-12-28 11:56:00,0.5445602743161498,1.882353,1.0250546660398276,1,priority_review,0
SYN-O011330,2025-12-27 17:33:00,0.6055660040116,1.631148,0.9877677763115134,2,priority_review,0
SYN-O010104,2025-12-20 12:03:00,0.5416380306156757,1.798014,0.9738727619794135,3,priority_review,0
SYN-O011687,2025-12-24 07:13:00,0.5512123936805343,1.68089,0.9265274004136733,4,priority_review,1
SYN-O009118,2025-12-30 18:35:00,0.6393923055411157,1.27724,0.8166574283293345,5,priority_review,0
SYN-O007109,2025-11-14 14:22:00,0.4870328252256247,1.66271,0.8097943488308984,6,priority_review,0
SYN-O014142,2025-12-27 07:17:00,0.48484579744982637,1.669025,0.8092197570886964,7,priority_review,1
SYN-O006620,2025-12-10 18:31:00,0.4768221619266381,1.670878,0.7967116602756573,8,priority_review,1
SYN-O005242,2025-12-01 14:49:00,0.5476473912946942,1.438152,0.7876001910852471,9,priority_review,0
SYN-O010273,2025-12-24 08:58:00,0.48109427900689833,1.632648,0.7854576124320546,10,priority_review,1
SYN-O003526,2025-12-30 21:29:00,0.5806860704593056,1.342117,0.779348646826632,11,priority_review,1
SYN-O012745,2025-12-24 16:22:00,0.4654550394358115,1.665047,0.7750045170474796,12,priority_review,0
SYN-O002989,2025-12-24 20:37:00,0.4593413085230685,1.642956,0.7546775588858265,13,priority_review,1
SYN-O011476,2025-12-30 17:29:00,0.4072250340377726,1.844403,0.75108707445437,14,priority_review,1
SYN-O011085,2025-12-24 10:25:00,0.45249544445906936,1.652114,0.747574058727051,15,priority_review,1
SYN-O002960,2025-12-20 10:23:00,0.5044662979170117,1.474922,0.7440484410563548,16,priority_review,1
SYN-O009649,2025-12-31 11:42:00,0.46105115092221716,1.612905,0.7436317065781987,17,priority_review,1
SYN-O009785,2025-12-27 14:33:00,0.44185843924820345,1.677828,0.7413624614069347,18,priority_review,0
SYN-O006810,2025-12-20 16:53:00,0.4377204286977082,1.673577,0.7325588418986245,19,priority_review,1
SYN-O014211,2025-12-03 18:06:00,0.3900053776892481,1.876818,0.7319691129439793,20,priority_review,1
SYN-O005915,2025-12-28 10:26:00,0.43827405322628876,1.630692,0.7146899924036832,21,priority_review,1
SYN-O002826,2025-12-22 08:39:00,0.4343307932655479,1.642688,0.7134699821277963,22,priority_review,1
SYN-O000210,2025-12-24 13:30:00,0.41302306662567145,1.720386,0.7105591014998724,23,priority_review,0
SYN-O003066,2025-12-20 12:24:00,0.4368701890405998,1.623038,0.7090569178800771,24,priority_review,1
SYN-O000337,2025-11-19 18:50:00,0.42298121362239827,1.665075,0.7042954442723148,25,priority_review,1
SYN-O011616,2025-12-31 08:11:00,0.4159702479763177,1.674182,0.6964099016974875,26,priority_review,1
SYN-O001540,2025-12-24 18:10:00,0.565247499785219,1.230318,0.6954341734407511,27,priority_review,0
SYN-O010418,2025-12-22 21:04:00,0.4808300481529232,1.439237,0.6920283960134688,28,priority_review,1
SYN-O012302,2025-12-30 20:57:00,0.43077070587596455,1.598104,0.6884163881432025,29,priority_review,1
SYN-O004369,2025-12-30 21:08:00,0.5632946347190146,1.221236,0.6879156865257106,30,priority_review,0
SYN-O012738,2025-12-23 15:55:00,0.41309325039548794,1.660865,0.686092121318102,31,priority_review,0
SYN-O005812,2025-12-26 18:26:00,0.47265832510840367,1.450292,0.6854925876381169,32,priority_review,0
SYN-O003160,2025-12-31 18:31:00,0.40687833763444325,1.683083,0.6848100131407917,33,priority_review,0
SYN-O009807,2025-12-20 20:12:00,0.4868940696001963,1.4019,0.6825767961725152,34,priority_review,1
SYN-O010070,2025-12-01 16:16:00,0.5866585802285701,1.163252,0.6824317667680446,35,priority_review,0
SYN-O003439,2025-12-24 17:09:00,0.5468728446955025,1.23653,0.6762246786513296,36,priority_review,0
SYN-O007864,2025-12-29 07:48:00,0.35839409317267706,1.885278,0.6756724991883982,37,priority_review,1
SYN-O014173,2025-12-28 21:50:00,0.3624700226957807,1.858814,0.6737643527672349,38,priority_review,0
SYN-O008605,2025-12-30 21:03:00,0.5911521945935058,1.138023,0.6727447939478852,39,priority_review,0
SYN-O002370,2025-12-23 15:17:00,0.42055673820059425,1.599195,0.6725522329466993,40,priority_review,0
SYN-O008054,2025-12-22 18:10:00,0.5685641995176198,1.171076,0.6658318885142962,41,priority_review,1
SYN-O001704,2025-12-22 12:37:00,0.5491977545834249,1.211947,0.6655985710741181,42,priority_review,1
SYN-O005599,2025-12-28 15:39:00,0.3898396749182311,1.704825,0.6646084237924734,43,priority_review,1
SYN-O001765,2025-12-30 20:38:00,0.551653655993612,1.203999,0.6641904501626529,44,priority_review,1
SYN-O006838,2025-11-16 16:55:00,0.35205174203987927,1.882345,0.6626828363700565,45,priority_review,0
SYN-O008294,2025-12-22 19:26:00,0.40237569744275387,1.633184,0.6571535510523465,46,priority_review,0
SYN-O000476,2025-12-04 14:40:00,0.5599949564344598,1.169871,0.655121859678938,47,priority_review,0
SYN-O011044,2025-12-27 20:02:00,0.567325700311544,1.153851,0.6546093266301752,48,priority_review,1
SYN-O011488,2025-12-19 19:13:00,0.46219825497353856,1.407356,0.6504774873265393,49,priority_review,0
SYN-O004045,2025-12-22 13:24:00,0.480732764237965,1.347651,0.6478599904580578,50,priority_review,1
SYN-O007572,2025-12-27 10:53:00,0.5317094248559932,1.212067,0.6444674474569291,51,priority_review,1
SYN-O011934,2025-12-23 11:51:00,0.37726213493865424,1.705084,0.6432636300897403,52,priority_review,1
SYN-O012741,2025-12-24 21:29:00,0.3881769800262794,1.65659,0.6430501033417342,53,priority_review,0
SYN-O013337,2025-12-22 12:53:00,0.44933108778957714,1.430564,0.6427968782726086,54,priority_review,1
SYN-O010938,2025-11-28 15:46:00,0.39302392840106676,1.62987,0.6405779101830467,55,priority_review,0
SYN-O011172,2025-12-27 13:19:00,0.5206371459575273,1.209069,0.6294862334257215,56,priority_review,1
SYN-O004711,2025-12-01 15:56:00,0.5174197428541444,1.215356,0.6288491889962415,57,priority_review,0
SYN-O014595,2025-12-28 15:39:00,0.4537751525511207,1.384939,0.6284509059989966,58,priority_review,0
SYN-O007955,2025-12-11 09:47:00,0.37492468169435866,1.669294,0.6258595216043028,59,priority_review,0
SYN-O011987,2025-12-22 11:38:00,0.4430642525232315,1.406838,0.623319626891278,60,priority_review,1
SYN-O011852,2025-11-23 21:41:00,0.49764244409866076,1.239706,0.6169303238037743,61,priority_review,0
SYN-O014475,2025-11-16 13:51:00,0.48682541115192896,1.265939,0.6162912741682618,62,priority_review,1
SYN-O003283,2025-12-28 10:19:00,0.4998618425117651,1.22976,0.6147100994472682,63,priority_review,1
SYN-O011106,2025-12-23 13:50:00,0.3611802986201247,1.694593,0.6120536057795729,64,priority_review,1
SYN-O003741,2025-11-15 18:24:00,0.5193618268304692,1.175984,0.6107611985634024,65,priority_review,0
SYN-O000025,2025-11-14 17:03:00,0.3540371174651596,1.723746,0.610270065082099,66,priority_review,0
SYN-O008644,2025-12-29 17:02:00,0.38608965073227586,1.578381,0.6093965690124603,67,priority_review,1
SYN-O013087,2025-12-23 10:21:00,0.4403681260621447,1.381454,0.608348309221054,68,priority_review,1
SYN-O000431,2025-12-30 08:22:00,0.5141830261738458,1.180404,0.6069437008277123,69,priority_review,1
SYN-O002369,2025-11-28 15:09:00,0.4198138213841009,1.441936,0.6053446623513049,70,priority_review,1
SYN-O006107,2025-12-28 17:03:00,0.4807190630672687,1.25689,0.6042109831786194,71,priority_review,1
SYN-O000701,2025-12-21 09:46:00,0.4828588195445152,1.250875,0.6039960258977455,72,priority_review,0
SYN-O010599,2025-12-24 16:18:00,0.5054152935233192,1.193275,0.6030994343790387,73,priority_review,0
SYN-O010383,2025-12-29 19:04:00,0.427141486899604,1.410958,0.6026786980728914,74,priority_review,0
SYN-O006661,2025-12-10 17:35:00,0.5010177983366558,1.198396,0.600417725455455,75,priority_review,0
SYN-O004412,2025-11-23 19:51:00,0.48444555120530375,1.238089,0.5997867080462234,76,priority_review,0
SYN-O012500,2025-12-21 08:17:00,0.3700638825107886,1.618429,0.5989221193080531,77,priority_review,0
SYN-O006211,2025-12-30 12:43:00,0.47655871317940124,1.254622,0.5979010458465667,78,priority_review,1
SYN-O005456,2025-12-25 18:44:00,0.41877556150817474,1.422241,0.595599773374948,79,priority_review,1
SYN-O008219,2025-12-22 19:01:00,0.47558709129958826,1.243745,0.5915090668684064,80,priority_review,1
SYN-O004570,2025-12-27 21:37:00,0.42983156744936984,1.37465,0.5908679641942762,81,priority_review,1
SYN-O009190,2025-12-29 19:19:00,0.35232556252663605,1.673733,0.5896989207443941,82,priority_review,1
SYN-O006051,2025-12-04 10:38:00,0.34645120156823117,1.70175,0.5895733322687374,83,priority_review,0
SYN-O000825,2025-12-22 20:00:00,0.42923566734534124,1.372592,0.5891654431128767,84,priority_review,0
SYN-O003628,2025-12-30 15:12:00,0.4798489460348961,1.227289,0.5889133331302217,85,priority_review,0
SYN-O000101,2025-12-27 19:38:00,0.4924010642665412,1.194497,0.5881715940631906,86,priority_review,0
SYN-O007782,2025-12-24 18:22:00,0.47605827202848594,1.231531,0.5862805198095132,87,priority_review,1
SYN-O007117,2025-12-25 19:17:00,0.354157899427472,1.64267,0.5817645566525255,88,priority_review,1
SYN-O000992,2025-12-29 08:47:00,0.41027541476048335,1.417614,0.5816121718202678,89,priority_review,0
SYN-O004639,2025-12-23 08:34:00,0.4127842129173211,1.407105,0.5808307299170271,90,priority_review,0
SYN-O001741,2025-11-28 12:23:00,0.4903691995343577,1.175077,0.5762215678812345,91,priority_review,0
SYN-O013508,2025-11-16 18:48:00,0.4245161312510679,1.356326,0.5757822662352359,92,priority_review,0
SYN-O002447,2025-12-22 11:07:00,0.4902148579561956,1.172347,0.5747019180803721,93,priority_review,0
SYN-O014602,2025-11-17 10:39:00,0.30442596787697224,1.885739,0.5740679202383537,94,priority_review,0
SYN-O003925,2025-12-01 09:46:00,0.5048158396535866,1.135692,0.573315310567861,95,priority_review,0
SYN-O012443,2025-11-09 19:40:00,0.35042767662103463,1.624754,0.5693587693007325,96,priority_review,0
SYN-O000544,2025-12-14 17:06:00,0.42414837927731575,1.336213,0.5667525783192799,97,priority_review,0
SYN-O008694,2025-12-29 08:06:00,0.33139876566388854,1.709791,0.5666226269432256,98,priority_review,0
SYN-O010328,2025-12-04 19:53:00,0.48066270285186385,1.178796,0.5666032714709657,99,priority_review,0
SYN-O008112,2025-12-27 11:22:00,0.4642454700728639,1.218482,0.5656747488653233,100,priority_review,0
SYN-O006869,2025-12-23 14:24:00,0.4746541156324963,1.188872,0.5643029877602371,101,priority_review,1
SYN-O005442,2025-12-25 19:58:00,0.47075466851240777,1.191757,0.5610251714823415,102,priority_review,1
SYN-O004829,2025-11-23 19:22:00,0.4995380298712668,1.123087,0.5610246673540313,103,priority_review,0
SYN-O000284,2025-11-23 09:23:00,0.4617201976186714,1.209602,0.5584976744799401,104,priority_review,0
SYN-O002927,2025-11-14 15:25:00,0.40096891788756944,1.390855,0.5576896242885154,105,priority_review,1
SYN-O002528,2025-12-26 09:46:00,0.4571137127898658,1.214177,0.5550169564540609,106,priority_review,1
SYN-O013440,2025-11-28 12:24:00,0.4561457872063195,1.216479,0.5548917710749564,107,priority_review,0
SYN-O005053,2025-12-04 08:10:00,0.3360672881746265,1.646565,0.5533566343532539,108,priority_review,0
SYN-O001712,2025-12-11 20:50:00,0.3227053188872605,1.713165,0.5528474576314937,109,priority_review,1
SYN-O009133,2025-12-21 14:53:00,0.47388436566877845,1.166545,0.5528074373490851,110,priority_review,0
SYN-O007264,2025-12-27 19:10:00,0.4460354331375841,1.239093,0.5526793829527484,111,priority_review,1
SYN-O011191,2025-12-31 07:14:00,0.45325101511546945,1.213751,0.5501338728474162,112,priority_review,1
SYN-O001651,2025-12-26 16:07:00,0.3869147408120192,1.417774,0.5485576597400198,113,priority_review,1
SYN-O007390,2025-11-21 16:30:00,0.29213928562779257,1.877376,0.5484552834947627,114,priority_review,0
SYN-O004490,2025-12-27 17:59:00,0.44216000133597405,1.239756,0.5481705146162819,115,priority_review,0
SYN-O008884,2025-12-26 14:08:00,0.3296376931930092,1.662061,0.547877953986066,116,priority_review,0
SYN-O010700,2025-12-10 13:10:00,0.4418224888308303,1.238939,0.5473911124895801,117,priority_review,0
SYN-O006938,2025-11-14 21:09:00,0.3392503792616051,1.61156,0.5467223412028324,118,priority_review,1
SYN-O002787,2025-11-23 16:35:00,0.46992228901003014,1.161782,0.5459472567706509,119,priority_review,0
SYN-O013232,2025-11-14 10:04:00,0.4371562111022756,1.246914,0.5450961998103829,120,priority_review,0
SYN-O009493,2025-11-28 18:21:00,0.43555322228981125,1.247892,0.5435233816696772,121,priority_review,0
SYN-O010457,2025-12-27 18:57:00,0.3365893656019971,1.610926,0.5422205603717628,122,priority_review,1
SYN-O009126,2025-12-21 12:00:00,0.38168368512471085,1.415724,0.5403587534394961,123,priority_review,1
SYN-O001508,2025-12-27 17:13:00,0.46059249720457873,1.161012,0.5347534163644824,124,priority_review,0
SYN-O012028,2025-12-31 11:34:00,0.4525510060261241,1.178124,0.5331612014235214,125,priority_review,0
SYN-O011290,2025-11-19 21:27:00,0.425461342113284,1.252438,0.5328639523936772,126,priority_review,0
SYN-O009855,2025-12-21 09:23:00,0.4301405897649911,1.238086,0.5325510422197788,127,priority_review,1
SYN-O012826,2025-12-23 07:58:00,0.4637869085158033,1.147263,0.532085560024566,128,priority_review,1
SYN-O009633,2025-12-10 15:23:00,0.4531343551439265,1.173956,0.5319597950273434,129,priority_review,0
SYN-O010424,2025-11-20 16:04:00,0.3215063555773925,1.653864,0.5317277872606486,130,priority_review,1
SYN-O011945,2025-12-25 11:59:00,0.42309272001356696,1.255698,0.531276682335596,131,priority_review,1
SYN-O001306,2025-12-08 11:02:00,0.32601674051702284,1.629519,0.5312504729905585,132,priority_review,1
