risk_decile,orders,predicted_risk,actual_late_rate
1,132,0.11716766949236804,0.11363636363636363
2,131,0.143517172267069,0.1297709923664122
3,131,0.16508571942830724,0.1297709923664122
4,131,0.18679767027591998,0.16793893129770993
5,132,0.20776980952483554,0.2196969696969697
6,131,0.23964707420844175,0.183206106870229
7,131,0.2735333902932685,0.2900763358778626
8,131,0.31240115712453637,0.32061068702290074
9,131,0.3659781386133112,0.42748091603053434
10,132,0.46589925274737637,0.4772727272727273
